{"stats":{"minecraft:used":{"minecraft:oak_fence":155,"minecraft:iron_shovel":347,"minecraft:flint_and_steel":7,"minecraft:stone_shovel":533,"minecraft:chest":5,"minecraft:shield":34,"minecraft:stone_hoe":255,"minecraft:rotten_flesh":5,"minecraft:netherrack":64,"minecraft:iron_chestplate":1,"minecraft:torch":21,"minecraft:dirt":385,"minecraft:mutton":3,"minecraft:diamond_helmet":1,"minecraft:axolotl_bucket":11,"minecraft:oak_fence_gate":3,"minecraft:obsidian":4,"minecraft:spruce_boat":1,"minecraft:wooden_axe":36,"minecraft:iron_axe":284,"minecraft:iron_helmet":1,"minecraft:iron_boots":1,"minecraft:diamond_chestplate":1,"minecraft:basalt":35,"minecraft:sweet_berries":32,"minecraft:oak_sapling":1,"minecraft:furnace":7,"minecraft:cooked_beef":14,"minecraft:iron_leggings":1,"minecraft:cooked_mutton":7,"minecraft:wheat_seeds":10,"minecraft:water_bucket":66,"minecraft:stone_pickaxe":394,"minecraft:wooden_pickaxe":62,"minecraft:golden_apple":1,"minecraft:crafting_table":13,"minecraft:white_bed":3,"minecraft:diamond_pickaxe":15,"minecraft:apple":1,"minecraft:bread":4,"minecraft:iron_pickaxe":405,"minecraft:stone_axe":84,"minecraft:pink_petals":8,"minecraft:cobblestone":142,"minecraft:andesite":3,"minecraft:bucket":78,"minecraft:oak_boat":3,"minecraft:bone_meal":12,"minecraft:diamond_leggings":1},"minecraft:broken":{"minecraft:iron_shovel":1,"minecraft:stone_hoe":1,"minecraft:wooden_pickaxe":1,"minecraft:stone_pickaxe":3,"minecraft:iron_axe":1,"minecraft:stone_axe":1,"minecraft:iron_pickaxe":1,"minecraft:wooden_axe":1,"minecraft:stone_shovel":4},"minecraft:killed":{"minecraft:zombified_piglin":1,"minecraft:spider":6,"minecraft:skeleton":16,"minecraft:piglin":1,"minecraft:zombie_villager":1,"minecraft:creeper":4,"minecraft:sheep":1,"minecraft:pillager":1,"minecraft:zombie":25,"minecraft:cow":12},"minecraft:crafted":{"minecraft:oak_planks":220,"minecraft:stone_shovel":4,"minecraft:furnace":4,"minecraft:bone_meal":12,"minecraft:cooked_mutton":5,"minecraft:flint_and_steel":1,"minecraft:diamond_helmet":1,"minecraft:diamond_leggings":1,"minecraft:iron_boots":1,"minecraft:iron_axe":2,"minecraft:stone_pickaxe":3,"minecraft:chest":5,"minecraft:spruce_boat":1,"minecraft:dark_oak_planks":16,"minecraft:stone_hoe":3,"minecraft:oak_fence":102,"minecraft:cooked_beef":7,"minecraft:crafting_table":5,"minecraft:spruce_planks":48,"minecraft:wooden_pickaxe":1,"minecraft:iron_helmet":1,"minecraft:bucket":1,"minecraft:stone_axe":1,"minecraft:bread":4,"minecraft:air":0,"minecraft:oak_fence_gate":3,"minecraft:oak_boat":1,"minecraft:white_wool":2,"minecraft:iron_chestplate":1,"minecraft:diamond_pickaxe":1,"minecraft:shield":1,"minecraft:stick":124,"minecraft:iron_ingot":57,"minecraft:iron_pickaxe":3,"minecraft:wooden_axe":1,"minecraft:iron_shovel":2,"minecraft:iron_leggings":1,"minecraft:white_bed":1,"minecraft:torch":16,"minecraft:diamond_chestplate":1},"minecraft:mined":{"minecraft:crying_obsidian":1,"minecraft:tuff":12,"minecraft:farmland":1,"minecraft:white_bed":2,"minecraft:oak_sapling":1,"minecraft:deepslate_diamond_ore":23,"minecraft:obsidian":8,"minecraft:granite":16,"minecraft:grass_block":760,"minecraft:polished_blackstone_brick_slab":1,"minecraft:spruce_leaves":11,"minecraft:large_fern":1,"minecraft:magma_block":2,"minecraft:furnace":7,"minecraft:iron_ore":46,"minecraft:fire":5,"minecraft:andesite":36,"minecraft:deepslate_lapis_ore":1,"minecraft:gold_block":1,"minecraft:deepslate_iron_ore":12,"minecraft:stone":252,"minecraft:deepslate_redstone_ore":1,"minecraft:brown_mushroom":3,"minecraft:flowering_azalea":1,"minecraft:blackstone":23,"minecraft:basalt":153,"minecraft:dandelion":2,"minecraft:cornflower":1,"minecraft:oak_fence":121,"minecraft:crafting_table":10,"minecraft:torch":6,"minecraft:calcite":3,"minecraft:poppy":4,"minecraft:tall_grass":10,"minecraft:cobblestone":6,"minecraft:lapis_ore":5,"minecraft:sugar_cane":3,"minecraft:polished_blackstone_brick_stairs":1,"minecraft:diorite":19,"minecraft:wall_torch":3,"minecraft:amethyst_block":5,"minecraft:pink_petals":56,"minecraft:wheat":10,"minecraft:birch_log":11,"minecraft:polished_blackstone_slab":2,"minecraft:sweet_berry_bush":13,"minecraft:spruce_log":13,"minecraft:birch_leaves":5,"minecraft:stone_brick_stairs":2,"minecraft:grass":201,"minecraft:oak_log":94,"minecraft:coal_ore":35,"minecraft:oak_fence_gate":3,"minecraft:gravel":28,"minecraft:dirt":153,"minecraft:cracked_stone_bricks":1,"minecraft:smooth_basalt":4,"minecraft:netherrack":102,"minecraft:oak_leaves":18,"minecraft:fern":1,"minecraft:deepslate":89},"minecraft:custom":{"minecraft:mob_kills":69,"minecraft:interact_with_crafting_table":52,"minecraft:leave_game":1,"minecraft:time_since_death":166813,"minecraft:climb_one_cm":155,"minecraft:sprint_one_cm":545710,"minecraft:walk_one_cm":533121,"minecraft:damage_blocked_by_shield":1175,"minecraft:drop":38,"minecraft:play_time":166813,"minecraft:sneak_time":7527,"minecraft:walk_under_water_one_cm":11058,"minecraft:boat_one_cm":105480,"minecraft:jump":3975,"minecraft:walk_on_water_one_cm":25262,"minecraft:total_world_time":166813,"minecraft:interact_with_furnace":56,"minecraft:sleep_in_bed":4,"minecraft:time_since_rest":24162,"minecraft:damage_taken":1470,"minecraft:damage_absorbed":38,"minecraft:damage_dealt":12712,"minecraft:swim_one_cm":22755,"minecraft:fly_one_cm":712824,"minecraft:open_chest":60,"minecraft:crouch_one_cm":27261,"minecraft:fall_one_cm":112460},"minecraft:dropped":{"minecraft:stone_hoe":1,"minecraft:iron_ingot":1,"minecraft:wheat_seeds":15,"minecraft:cooked_beef":7,"minecraft:crafting_table":1,"minecraft:cracked_stone_bricks":1,"minecraft:coal":22,"minecraft:stick":2,"minecraft:dirt":64,"minecraft:diorite":11,"minecraft:polished_blackstone_brick_stairs":1,"minecraft:gold_nugget":1,"minecraft:string":3,"minecraft:pink_petals":1,"minecraft:dandelion":4,"minecraft:smooth_basalt":1,"minecraft:furnace":4,"minecraft:sweet_berries":1,"minecraft:sugar_cane":7,"minecraft:birch_sapling":6,"minecraft:rotten_flesh":2,"minecraft:cooked_mutton":1,"minecraft:andesite":24,"minecraft:oak_sapling":12,"minecraft:golden_leggings":1,"minecraft:spruce_log":4,"minecraft:basalt":64,"minecraft:arrow":2,"minecraft:stone_brick_stairs":2},"minecraft:picked_up":{"minecraft:crafting_table":10,"minecraft:wheat":6,"minecraft:azure_bluet":1,"minecraft:brown_mushroom":3,"minecraft:diamond_sword":1,"minecraft:gold_block":1,"minecraft:stone_brick_stairs":2,"minecraft:shield":1,"minecraft:cornflower":1,"minecraft:polished_blackstone_brick_stairs":1,"minecraft:string":9,"minecraft:iron_leggings":1,"minecraft:blackstone":23,"minecraft:cracked_stone_bricks":1,"minecraft:gold_nugget":1,"minecraft:cobbled_deepslate":90,"minecraft:spruce_planks":2,"minecraft:beef":13,"minecraft:oak_boat":2,"minecraft:poppy":11,"minecraft:iron_pickaxe":1,"minecraft:sugar_cane":39,"minecraft:birch_sapling":6,"minecraft:iron_boots":1,"minecraft:furnace":8,"minecraft:dark_oak_door":2,"minecraft:stick":20,"minecraft:raw_iron":60,"minecraft:oak_fence":119,"minecraft:torch":9,"minecraft:cherry_log":1,"minecraft:diorite":11,"minecraft:diamond_chestplate":1,"minecraft:arrow":3,"minecraft:rotten_flesh":19,"minecraft:mutton":8,"minecraft:obsidian":3,"minecraft:white_wool":1,"minecraft:cobblestone":294,"minecraft:birch_log":14,"minecraft:pink_petals":166,"minecraft:magma_block":1,"minecraft:cooked_beef":14,"minecraft:basalt":147,"minecraft:glow_ink_sac":1,"minecraft:andesite":27,"minecraft:leather":15,"minecraft:flint":1,"minecraft:oak_log":94,"minecraft:lapis_lazuli":96,"minecraft:dirt":933,"minecraft:cooked_mutton":5,"minecraft:bone":16,"minecraft:apple":1,"minecraft:wheat_seeds":53,"minecraft:raw_gold":19,"minecraft:iron_ingot":2,"minecraft:oak_fence_gate":3,"minecraft:oak_planks":3,"minecraft:flowering_azalea":1,"minecraft:smooth_basalt":1,"minecraft:sweet_berries":33,"minecraft:dandelion":5,"minecraft:gravel":43,"minecraft:polished_blackstone_slab":2,"minecraft:spruce_sapling":2,"minecraft:white_bed":2,"minecraft:spruce_log":17,"minecraft:spider_eye":1,"minecraft:diamond":23,"minecraft:spruce_boat":2,"minecraft:iron_helmet":1,"minecraft:oak_sapling":34,"minecraft:netherrack":97,"minecraft:coal":64,"minecraft:diamond_pickaxe":1}},"DataVersion":3465}