{"stats":{"minecraft:used":{"minecraft:chest":5,"minecraft:shield":64,"minecraft:cooked_chicken":2,"minecraft:rotten_flesh":9,"minecraft:netherrack":5,"minecraft:iron_chestplate":1,"minecraft:torch":13,"minecraft:dirt":47,"minecraft:nether_bricks":6,"minecraft:tuff":4,"minecraft:obsidian":10,"minecraft:spruce_boat":6,"minecraft:iron_axe":49,"minecraft:lantern":2,"minecraft:iron_helmet":1,"minecraft:iron_boots":1,"minecraft:cherry_leaves":4,"minecraft:diamond_chestplate":1,"minecraft:furnace":8,"minecraft:cooked_beef":3,"minecraft:cobbled_deepslate":41,"minecraft:cherry_log":18,"minecraft:cooked_mutton":4,"minecraft:stone_pickaxe":35,"minecraft:cherry_planks":33,"minecraft:crafting_table":6,"minecraft:white_bed":2,"minecraft:shears":46,"minecraft:cobbled_deepslate_stairs":2,"minecraft:cherry_door":1,"minecraft:iron_pickaxe":250,"minecraft:stone_axe":226,"minecraft:pink_bed":3,"minecraft:cobblestone":22,"minecraft:cobbled_deepslate_slab":53,"minecraft:cooked_porkchop":17,"minecraft:diamond_leggings":1},"minecraft:broken":{"minecraft:stone_axe":2,"minecraft:iron_pickaxe":1},"minecraft:killed":{"minecraft:spider":6,"minecraft:skeleton":2,"minecraft:pig":9,"minecraft:salmon":1,"minecraft:sheep":4,"minecraft:zombie":17,"minecraft:wither_skeleton":1,"minecraft:blaze":8,"minecraft:cow":1},"minecraft:crafted":{"minecraft:cherry_planks":48,"minecraft:cobbled_deepslate_slab":9,"minecraft:oak_planks":16,"minecraft:pink_bed":1,"minecraft:furnace":3,"minecraft:pink_dye":1,"minecraft:cooked_mutton":4,"minecraft:lantern":1,"minecraft:diamond_leggings":1,"minecraft:iron_boots":1,"minecraft:iron_axe":1,"minecraft:stone_pickaxe":1,"minecraft:chest":4,"minecraft:cobbled_deepslate_stairs":4,"minecraft:spruce_boat":1,"minecraft:golden_boots":1,"minecraft:cooked_porkchop":14,"minecraft:crafting_table":2,"minecraft:spruce_planks":24,"minecraft:iron_helmet":1,"minecraft:birch_planks":16,"minecraft:stone_axe":2,"minecraft:air":0,"minecraft:iron_chestplate":1,"minecraft:charcoal":24,"minecraft:shield":1,"minecraft:stick":28,"minecraft:iron_ingot":67,"minecraft:iron_pickaxe":2,"minecraft:cherry_door":3,"minecraft:white_bed":1,"minecraft:torch":12,"minecraft:shears":1,"minecraft:diamond_chestplate":1},"minecraft:mined":{"minecraft:tuff":15,"minecraft:white_bed":2,"minecraft:pink_bed":2,"minecraft:deepslate_diamond_ore":4,"minecraft:cobbled_deepslate_stairs":1,"minecraft:cherry_log":46,"minecraft:nether_bricks":14,"minecraft:granite":2,"minecraft:cobbled_deepslate_slab":3,"minecraft:grass_block":12,"minecraft:spruce_leaves":2,"minecraft:tall_seagrass":4,"minecraft:furnace":5,"minecraft:fire":17,"minecraft:iron_ore":56,"minecraft:cobbled_deepslate":5,"minecraft:andesite":1,"minecraft:pumpkin":3,"minecraft:deepslate_lapis_ore":3,"minecraft:deepslate_iron_ore":12,"minecraft:lantern":1,"minecraft:stone":65,"minecraft:cherry_planks":2,"minecraft:crafting_table":4,"minecraft:cornflower":2,"minecraft:poppy":3,"minecraft:chest":1,"minecraft:mushroom_stem":3,"minecraft:copper_ore":1,"minecraft:tall_grass":11,"minecraft:cobblestone":1,"minecraft:deepslate_gold_ore":2,"minecraft:wall_torch":2,"minecraft:pink_petals":16,"minecraft:seagrass":4,"minecraft:birch_log":14,"minecraft:spruce_log":6,"minecraft:birch_leaves":12,"minecraft:grass":28,"minecraft:oak_log":24,"minecraft:cherry_leaves":48,"minecraft:gravel":3,"minecraft:dirt":26,"minecraft:netherrack":2,"minecraft:oak_leaves":12,"minecraft:deepslate":67},"minecraft:custom":{"minecraft:mob_kills":49,"minecraft:interact_with_crafting_table":44,"minecraft:leave_game":2,"minecraft:time_since_death":1006,"minecraft:sprint_one_cm":319815,"minecraft:walk_one_cm":421128,"minecraft:damage_blocked_by_shield":1565,"minecraft:drop":74,"minecraft:play_time":110116,"minecraft:deaths":2,"minecraft:sneak_time":2974,"minecraft:walk_under_water_one_cm":4890,"minecraft:boat_one_cm":221184,"minecraft:jump":1736,"minecraft:walk_on_water_one_cm":8927,"minecraft:total_world_time":110116,"minecraft:interact_with_furnace":72,"minecraft:sleep_in_bed":3,"minecraft:time_since_rest":1051,"minecraft:damage_taken":2585,"minecraft:damage_dealt":8598,"minecraft:swim_one_cm":18884,"minecraft:fly_one_cm":229924,"minecraft:open_chest":29,"minecraft:crouch_one_cm":5424,"minecraft:fall_one_cm":38632},"minecraft:killed_by":{"minecraft:blaze":2},"minecraft:dropped":{"minecraft:lantern":1,"minecraft:leather":2,"minecraft:stick":8,"minecraft:dirt":92,"minecraft:cherry_leaves":1,"minecraft:pumpkin":2,"minecraft:paper":6,"minecraft:string":5,"minecraft:cherry_door":2,"minecraft:furnace":3,"minecraft:raw_copper":9,"minecraft:rotten_flesh":40,"minecraft:cobbled_deepslate_slab":58,"minecraft:white_bed":1,"minecraft:nether_bricks":5,"minecraft:shears":3,"minecraft:oak_sapling":1,"minecraft:spider_eye":3},"minecraft:picked_up":{"minecraft:charcoal":8,"minecraft:crafting_table":4,"minecraft:shield":1,"minecraft:golden_sword":1,"minecraft:cornflower":2,"minecraft:iron_axe":1,"minecraft:string":7,"minecraft:raw_copper":12,"minecraft:diamond_leggings":1,"minecraft:gold_nugget":4,"minecraft:cobbled_deepslate":76,"minecraft:poppy":3,"minecraft:iron_pickaxe":1,"minecraft:light_gray_wool":2,"minecraft:chest":1,"minecraft:iron_boots":2,"minecraft:furnace":8,"minecraft:raw_iron":67,"minecraft:stick":12,"minecraft:torch":2,"minecraft:porkchop":17,"minecraft:cherry_log":46,"minecraft:diamond_chestplate":1,"minecraft:arrow":1,"minecraft:rotten_flesh":56,"minecraft:nether_bricks":13,"minecraft:shears":4,"minecraft:blaze_rod":15,"minecraft:mutton":4,"minecraft:white_wool":11,"minecraft:cobblestone":59,"minecraft:birch_log":14,"minecraft:pink_petals":38,"minecraft:cooked_beef":3,"minecraft:cherry_planks":2,"minecraft:cherry_leaves":46,"minecraft:andesite":1,"minecraft:leather":2,"minecraft:red_mushroom":1,"minecraft:tuff":13,"minecraft:oak_log":24,"minecraft:golden_boots":1,"minecraft:cobbled_deepslate_stairs":1,"minecraft:lantern":2,"minecraft:lapis_lazuli":22,"minecraft:cherry_door":2,"minecraft:dirt":140,"minecraft:paper":4,"minecraft:bone":3,"minecraft:apple":2,"minecraft:wheat_seeds":6,"minecraft:raw_gold":2,"minecraft:cobbled_deepslate_slab":61,"minecraft:stone_pickaxe":1,"minecraft:cooked_chicken":2,"minecraft:pink_bed":2,"minecraft:cooked_porkchop":3,"minecraft:pumpkin":5,"minecraft:gravel":3,"minecraft:spruce_sapling":1,"minecraft:white_bed":3,"minecraft:spruce_log":6,"minecraft:spider_eye":4,"minecraft:diamond":4,"minecraft:spruce_boat":5,"minecraft:iron_helmet":1,"minecraft:cherry_sapling":18,"minecraft:oak_sapling":9,"minecraft:netherrack":5,"minecraft:black_wool":1}},"DataVersion":3465}