{"stats":{"minecraft:used":{"minecraft:iron_bars":5,"minecraft:stone_sword":66,"minecraft:spruce_slab":2,"minecraft:stone_shovel":131,"minecraft:diamond_hoe":77,"minecraft:chest":5,"minecraft:spruce_planks":23,"minecraft:shield":50,"minecraft:iron_sword":118,"minecraft:wooden_shovel":16,"minecraft:stone_hoe":42,"minecraft:rotten_flesh":17,"minecraft:torch":183,"minecraft:dirt":98,"minecraft:carrot":12,"minecraft:golden_shovel":64,"minecraft:spruce_fence":2,"minecraft:granite":36,"minecraft:snowball":55,"minecraft:lava_bucket":4,"minecraft:iron_axe":240,"minecraft:stone_bricks":8,"minecraft:bow":19,"minecraft:furnace":2,"minecraft:egg":3,"minecraft:cobbled_deepslate":10,"minecraft:wheat_seeds":168,"minecraft:mossy_stone_bricks":8,"minecraft:water_bucket":38,"minecraft:diorite":2,"minecraft:stone_pickaxe":573,"minecraft:oak_planks":3,"minecraft:wooden_pickaxe":6,"minecraft:diamond_axe":284,"minecraft:sugar_cane":67,"minecraft:fletching_table":8,"minecraft:white_wool":1,"minecraft:sand":74,"minecraft:crafting_table":6,"minecraft:crossbow":31,"minecraft:white_bed":1,"minecraft:diamond_pickaxe":436,"minecraft:bread":20,"minecraft:iron_pickaxe":276,"minecraft:spruce_sapling":44,"minecraft:gravel":22,"minecraft:stone_axe":225,"minecraft:chiseled_stone_bricks":1,"minecraft:cobblestone":122,"minecraft:andesite":10,"minecraft:smithing_table":1,"minecraft:bucket":43,"minecraft:bone_meal":36,"minecraft:splash_potion":1},"minecraft:broken":{"minecraft:golden_shovel":2,"minecraft:stone_pickaxe":3,"minecraft:iron_axe":1,"minecraft:stone_axe":1,"minecraft:iron_pickaxe":1,"minecraft:stone_shovel":1},"minecraft:killed":{"minecraft:cave_spider":7,"minecraft:witch":1,"minecraft:spider":13,"minecraft:skeleton":12,"minecraft:silverfish":4,"minecraft:wolf":1,"minecraft:zombie_villager":2,"minecraft:creeper":6,"minecraft:zombie":26,"minecraft:stray":5,"minecraft:glow_squid":1,"minecraft:enderman":1},"minecraft:crafted":{"minecraft:stone_shovel":1,"minecraft:diamond_hoe":8,"minecraft:furnace":1,"minecraft:bone_meal":36,"minecraft:bow":3,"minecraft:iron_boots":1,"minecraft:iron_axe":2,"minecraft:spruce_slab":6,"minecraft:stone_pickaxe":14,"minecraft:chest":5,"minecraft:stone_hoe":2,"minecraft:crossbow":8,"minecraft:wooden_shovel":1,"minecraft:emerald":148,"minecraft:arrow":128,"minecraft:diamond_axe":3,"minecraft:crafting_table":2,"minecraft:spruce_planks":2240,"minecraft:wooden_pickaxe":1,"minecraft:iron_helmet":1,"minecraft:iron_sword":1,"minecraft:smithing_table":1,"minecraft:golden_shovel":2,"minecraft:fletching_table":1,"minecraft:stone_axe":5,"minecraft:bread":17,"minecraft:air":0,"minecraft:diamond_pickaxe":2,"minecraft:white_wool":16,"minecraft:iron_chestplate":1,"minecraft:shield":2,"minecraft:stick":3796,"minecraft:iron_pickaxe":2,"minecraft:iron_ingot":73,"minecraft:stone_sword":1,"minecraft:gold_ingot":2,"minecraft:iron_leggings":1,"minecraft:white_bed":2,"minecraft:torch":212},"minecraft:mined":{"minecraft:farmland":1,"minecraft:obsidian":1,"minecraft:granite":170,"minecraft:spruce_fence":2,"minecraft:grass_block":5,"minecraft:spruce_leaves":116,"minecraft:chiseled_stone_bricks":1,"minecraft:large_fern":19,"minecraft:furnace":1,"minecraft:carrots":3,"minecraft:iron_ore":76,"minecraft:snow":149,"minecraft:andesite":12,"minecraft:deepslate_lapis_ore":1,"minecraft:fletching_table":7,"minecraft:deepslate_iron_ore":30,"minecraft:iron_bars":7,"minecraft:stone":574,"minecraft:white_wool":1,"minecraft:deepslate_redstone_ore":9,"minecraft:light_gray_carpet":3,"minecraft:brown_mushroom":3,"minecraft:infested_stone_bricks":2,"minecraft:crafting_table":4,"minecraft:torch":19,"minecraft:cobblestone":87,"minecraft:copper_ore":26,"minecraft:deepslate_gold_ore":9,"minecraft:sugar_cane":66,"minecraft:lapis_ore":4,"minecraft:oak_planks":3,"minecraft:diorite":80,"minecraft:wall_torch":4,"minecraft:wheat":61,"minecraft:ice":21,"minecraft:white_carpet":1,"minecraft:spruce_log":581,"minecraft:grass":71,"minecraft:infested_mossy_stone_bricks":1,"minecraft:coal_ore":141,"minecraft:sand":51,"minecraft:gravel":74,"minecraft:dirt":122,"minecraft:cobweb":89,"minecraft:cracked_stone_bricks":1,"minecraft:stone_bricks":17,"minecraft:mossy_stone_bricks":10,"minecraft:deepslate":19,"minecraft:fern":31,"minecraft:infested_stone":1},"minecraft:custom":{"minecraft:interact_with_smithing_table":1,"minecraft:mob_kills":79,"minecraft:animals_bred":2,"minecraft:interact_with_crafting_table":40,"minecraft:time_since_death":143106,"minecraft:climb_one_cm":45788,"minecraft:sprint_one_cm":484430,"minecraft:walk_one_cm":872722,"minecraft:damage_blocked_by_shield":1465,"minecraft:drop":42,"minecraft:talked_to_villager":119,"minecraft:play_time":226637,"minecraft:deaths":2,"minecraft:sneak_time":4891,"minecraft:walk_under_water_one_cm":2191,"minecraft:jump":2241,"minecraft:interact_with_brewingstand":2,"minecraft:walk_on_water_one_cm":12780,"minecraft:total_world_time":226637,"minecraft:interact_with_furnace":51,"minecraft:traded_with_villager":192,"minecraft:sleep_in_bed":3,"minecraft:time_since_rest":851,"minecraft:damage_taken":1231,"minecraft:damage_dealt":12509,"minecraft:swim_one_cm":510,"minecraft:fly_one_cm":208723,"minecraft:player_kills":1,"minecraft:open_chest":199,"minecraft:crouch_one_cm":15235,"minecraft:fall_one_cm":31500},"minecraft:killed_by":{"minecraft:spider":1,"minecraft:silverfish":1},"minecraft:dropped":{"minecraft:iron_ingot":3,"minecraft:diamond_axe":1,"minecraft:wheat_seeds":21,"minecraft:crossbow":8,"minecraft:cobblestone":10,"minecraft:coal":7,"minecraft:emerald":17,"minecraft:flint":2,"minecraft:dirt":2,"minecraft:snowball":96,"minecraft:string":58,"minecraft:gravel":8,"minecraft:stone_axe":1,"minecraft:diamond_hoe":1,"minecraft:white_carpet":1,"minecraft:rotten_flesh":3,"minecraft:white_bed":1,"minecraft:shield":1,"minecraft:spruce_planks":64,"minecraft:diamond_pickaxe":1,"minecraft:spruce_slab":5,"minecraft:bow":1,"minecraft:iron_bars":1,"minecraft:arrow":64,"minecraft:wooden_pickaxe":1},"minecraft:picked_up":{"minecraft:crafting_table":4,"minecraft:wheat":50,"minecraft:brown_mushroom":13,"minecraft:shield":1,"minecraft:string":113,"minecraft:raw_copper":92,"minecraft:white_carpet":1,"minecraft:cracked_stone_bricks":2,"minecraft:cobbled_deepslate":27,"minecraft:bucket":4,"minecraft:spruce_planks":58,"minecraft:smooth_quartz":1,"minecraft:spruce_slab":5,"minecraft:sugar_cane":82,"minecraft:egg":3,"minecraft:furnace":1,"minecraft:tipped_arrow":1,"minecraft:raw_iron":162,"minecraft:stick":341,"minecraft:torch":69,"minecraft:spruce_fence":2,"minecraft:quartz_pillar":18,"minecraft:diorite":94,"minecraft:carrot":12,"minecraft:redstone":53,"minecraft:prismarine_crystals":10,"minecraft:stone_sword":2,"minecraft:arrow":127,"minecraft:rotten_flesh":29,"minecraft:obsidian":1,"minecraft:iron_bars":6,"minecraft:snowball":162,"minecraft:white_wool":1,"minecraft:cobblestone":746,"minecraft:tripwire_hook":6,"minecraft:andesite":17,"minecraft:flint":12,"minecraft:gunpowder":7,"minecraft:lapis_lazuli":60,"minecraft:dirt":168,"minecraft:bone":19,"minecraft:stone_bricks":21,"minecraft:bow":2,"minecraft:wheat_seeds":164,"minecraft:raw_gold":18,"minecraft:iron_ingot":2,"minecraft:stone_pickaxe":8,"minecraft:mossy_stone_bricks":12,"minecraft:fletching_table":7,"minecraft:oak_planks":3,"minecraft:stone_hoe":1,"minecraft:pumpkin":13,"minecraft:chiseled_stone_bricks":1,"minecraft:gravel":79,"minecraft:sand":94,"minecraft:spruce_sapling":79,"minecraft:spruce_log":560,"minecraft:spider_eye":10,"minecraft:stone_axe":3,"minecraft:crossbow":1,"minecraft:granite":168,"minecraft:bread":1,"minecraft:emerald":40,"minecraft:coal":239,"minecraft:smooth_quartz_slab":2}},"DataVersion":3465}