{"stats":{"minecraft:used":{"minecraft:flint_and_steel":17,"minecraft:spruce_planks":4,"minecraft:shield":32,"minecraft:rotten_flesh":6,"minecraft:netherrack":45,"minecraft:iron_chestplate":1,"minecraft:dirt":23,"minecraft:mutton":9,"minecraft:nether_bricks":2,"minecraft:snowball":10,"minecraft:spruce_boat":2,"minecraft:wooden_axe":35,"minecraft:iron_axe":77,"minecraft:light_gray_wool":1,"minecraft:bow":4,"minecraft:beef":1,"minecraft:sweet_berries":18,"minecraft:furnace":2,"minecraft:crimson_stem":6,"minecraft:cooked_mutton":16,"minecraft:stone_pickaxe":198,"minecraft:oak_planks":3,"minecraft:wooden_pickaxe":6,"minecraft:crafting_table":9,"minecraft:spruce_log":2,"minecraft:diamond_pickaxe":12,"minecraft:iron_pickaxe":307,"minecraft:golden_helmet":1,"minecraft:diamond_sword":167,"minecraft:cobblestone":3,"minecraft:cooked_porkchop":3,"minecraft:porkchop":5,"minecraft:oak_boat":1,"minecraft:splash_potion":2},"minecraft:broken":{"minecraft:stone_pickaxe":1},"minecraft:killed":{"minecraft:spider":1,"minecraft:skeleton":5,"minecraft:pig":3,"minecraft:hoglin":6,"minecraft:sheep":9,"minecraft:zombie":8,"minecraft:wither_skeleton":2,"minecraft:blaze":16},"minecraft:crafted":{"minecraft:wooden_sword":1,"minecraft:oak_planks":8,"minecraft:cooked_chicken":2,"minecraft:furnace":1,"minecraft:cooked_mutton":26,"minecraft:iron_boots":1,"minecraft:stone_pickaxe":1,"minecraft:spruce_boat":1,"minecraft:golden_boots":1,"minecraft:cooked_beef":12,"minecraft:crimson_planks":8,"minecraft:emerald":3,"minecraft:cooked_porkchop":5,"minecraft:crafting_table":8,"minecraft:spruce_planks":160,"minecraft:wooden_pickaxe":1,"minecraft:air":0,"minecraft:oak_boat":1,"minecraft:iron_chestplate":1,"minecraft:shield":1,"minecraft:stick":116,"minecraft:iron_ingot":6,"minecraft:iron_pickaxe":1,"minecraft:wooden_axe":2,"minecraft:gold_ingot":53},"minecraft:mined":{"minecraft:nether_gold_ore":17,"minecraft:tuff":59,"minecraft:cherry_log":22,"minecraft:obsidian":5,"minecraft:nether_bricks":4,"minecraft:granite":17,"minecraft:grass_block":9,"minecraft:weeping_vines":1,"minecraft:spruce_leaves":37,"minecraft:crimson_fungus":1,"minecraft:nether_wart":10,"minecraft:crimson_stem":8,"minecraft:magma_block":2,"minecraft:furnace":2,"minecraft:iron_ore":12,"minecraft:fire":15,"minecraft:deepslate_lapis_ore":6,"minecraft:gold_block":1,"minecraft:stone":135,"minecraft:crimson_nylium":2,"minecraft:dandelion":1,"minecraft:powder_snow":5,"minecraft:crafting_table":3,"minecraft:poppy":2,"minecraft:rose_bush":5,"minecraft:tall_grass":7,"minecraft:lapis_ore":2,"minecraft:diorite":11,"minecraft:pink_petals":7,"minecraft:birch_log":4,"minecraft:sweet_berry_bush":9,"minecraft:ice":9,"minecraft:spruce_log":48,"minecraft:stone_brick_stairs":1,"minecraft:grass":70,"minecraft:oak_log":4,"minecraft:cherry_leaves":26,"minecraft:gravel":2,"minecraft:dirt":11,"minecraft:netherrack":64,"minecraft:oak_leaves":3,"minecraft:deepslate":143,"minecraft:fern":2},"minecraft:custom":{"minecraft:mob_kills":51,"minecraft:interact_with_crafting_table":23,"minecraft:leave_game":1,"minecraft:time_since_death":75907,"minecraft:climb_one_cm":5435,"minecraft:sprint_one_cm":485958,"minecraft:walk_one_cm":309791,"minecraft:damage_blocked_by_shield":675,"minecraft:drop":18,"minecraft:talked_to_villager":3,"minecraft:play_time":138992,"minecraft:deaths":9,"minecraft:sneak_time":7434,"minecraft:walk_under_water_one_cm":737,"minecraft:boat_one_cm":171792,"minecraft:jump":3014,"minecraft:walk_on_water_one_cm":6187,"minecraft:total_world_time":138992,"minecraft:interact_with_furnace":83,"minecraft:traded_with_villager":3,"minecraft:sleep_in_bed":2,"minecraft:time_since_rest":63,"minecraft:damage_taken":3875,"minecraft:damage_dealt":8828,"minecraft:player_kills":2,"minecraft:swim_one_cm":12382,"minecraft:fly_one_cm":556088,"minecraft:open_chest":68,"minecraft:crouch_one_cm":12192,"minecraft:interact_with_smoker":6,"minecraft:fall_one_cm":90273},"minecraft:killed_by":{"minecraft:player":3,"minecraft:stray":1,"minecraft:skeleton":1},"minecraft:dropped":{"minecraft:golden_boots":1,"minecraft:iron_helmet":2,"minecraft:dirt":1,"minecraft:mutton":6,"minecraft:crimson_roots":1,"minecraft:iron_leggings":1,"minecraft:sweet_berries":5,"minecraft:cooked_chicken":2,"minecraft:iron_boots":1,"minecraft:poppy":11,"minecraft:iron_chestplate":1,"minecraft:basalt":48,"minecraft:black_wool":1},"minecraft:picked_up":{"minecraft:crafting_table":3,"minecraft:splash_potion":3,"minecraft:nether_wart":10,"minecraft:enchanted_book":1,"minecraft:nether_brick":32,"minecraft:stone_brick_stairs":1,"minecraft:blackstone":11,"minecraft:gold_nugget":55,"minecraft:cobbled_deepslate":143,"minecraft:spruce_planks":20,"minecraft:beef":1,"minecraft:rose_bush":3,"minecraft:poppy":12,"minecraft:light_gray_wool":2,"minecraft:sugar_cane":7,"minecraft:egg":1,"minecraft:furnace":2,"minecraft:raw_iron":15,"minecraft:stick":1,"minecraft:fire_charge":1,"minecraft:porkchop":14,"minecraft:cherry_log":21,"minecraft:diorite":11,"minecraft:arrow":4,"minecraft:rotten_flesh":11,"minecraft:nether_bricks":10,"minecraft:mutton":10,"minecraft:obsidian":12,"minecraft:snowball":10,"minecraft:white_wool":6,"minecraft:cobblestone":130,"minecraft:birch_log":7,"minecraft:pink_petals":39,"minecraft:magma_block":2,"minecraft:crimson_stem":8,"minecraft:leather":16,"minecraft:crimson_fungus":1,"minecraft:tuff":59,"minecraft:oak_log":4,"minecraft:lapis_lazuli":57,"minecraft:dirt":44,"minecraft:cooked_mutton":3,"minecraft:bone":5,"minecraft:wheat_seeds":4,"minecraft:oak_planks":1,"minecraft:soul_sand":30,"minecraft:sweet_berries":10,"minecraft:quartz":11,"minecraft:dandelion":1,"minecraft:gravel":44,"minecraft:spruce_sapling":6,"minecraft:spruce_log":48,"minecraft:crying_obsidian":8,"minecraft:spectral_arrow":60,"minecraft:granite":17,"minecraft:cherry_sapling":2,"minecraft:coal":2,"minecraft:black_wool":1,"minecraft:netherrack":51,"minecraft:crimson_roots":2,"minecraft:ender_pearl":4}},"DataVersion":3465}