{"stats":{"minecraft:used":{"minecraft:flint_and_steel":2,"minecraft:chest":4,"minecraft:spruce_planks":4,"minecraft:shield":32,"minecraft:iron_sword":50,"minecraft:cooked_salmon":10,"minecraft:cooked_chicken":3,"minecraft:rotten_flesh":4,"minecraft:iron_chestplate":2,"minecraft:torch":105,"minecraft:dirt":52,"minecraft:mutton":3,"minecraft:spruce_boat":3,"minecraft:dark_oak_planks":3,"minecraft:lava_bucket":35,"minecraft:iron_axe":50,"minecraft:iron_helmet":2,"minecraft:iron_boots":1,"minecraft:diamond_chestplate":2,"minecraft:furnace":17,"minecraft:cooked_cod":3,"minecraft:cooked_beef":3,"minecraft:cobbled_deepslate":63,"minecraft:iron_leggings":1,"minecraft:cooked_mutton":6,"minecraft:water_bucket":30,"minecraft:diorite":2,"minecraft:diamond_boots":1,"minecraft:oak_planks":1,"minecraft:stone_pickaxe":128,"minecraft:wooden_pickaxe":31,"minecraft:sugar_cane":1,"minecraft:salmon":2,"minecraft:white_wool":2,"minecraft:glow_berries":2,"minecraft:dark_oak_trapdoor":6,"minecraft:crafting_table":21,"minecraft:red_bed":1,"minecraft:spruce_log":12,"minecraft:dark_oak_door":1,"minecraft:diamond_pickaxe":885,"minecraft:apple":2,"minecraft:diamond_shovel":268,"minecraft:iron_pickaxe":359,"minecraft:stone_axe":22,"minecraft:diamond_sword":113,"minecraft:cobblestone":62,"minecraft:white_banner":4,"minecraft:cooked_porkchop":6,"minecraft:bucket":67,"minecraft:oak_boat":2},"minecraft:broken":{"minecraft:stone_pickaxe":1},"minecraft:killed":{"minecraft:spider":4,"minecraft:cod":3,"minecraft:skeleton":8,"minecraft:chicken":8,"minecraft:drowned":1,"minecraft:piglin":1,"minecraft:pig":5,"minecraft:salmon":16,"minecraft:sheep":26,"minecraft:pillager":14,"minecraft:zombie":6,"minecraft:cow":11},"minecraft:crafted":{"minecraft:cherry_planks":84,"minecraft:oak_planks":44,"minecraft:cooked_chicken":5,"minecraft:furnace":9,"minecraft:dark_oak_trapdoor":6,"minecraft:diamond_shovel":1,"minecraft:cooked_mutton":9,"minecraft:flint_and_steel":1,"minecraft:dark_oak_door":3,"minecraft:diamond_helmet":1,"minecraft:diamond_leggings":1,"minecraft:iron_boots":1,"minecraft:iron_axe":1,"minecraft:stone_pickaxe":1,"minecraft:chest":2,"minecraft:diamond_boots":1,"minecraft:spruce_boat":2,"minecraft:dark_oak_planks":52,"minecraft:cooked_beef":5,"minecraft:cooked_cod":3,"minecraft:diamond_sword":2,"minecraft:cooked_porkchop":6,"minecraft:diamond_axe":1,"minecraft:crafting_table":12,"minecraft:spruce_planks":76,"minecraft:iron_helmet":1,"minecraft:wooden_pickaxe":1,"minecraft:iron_sword":2,"minecraft:cooked_salmon":9,"minecraft:bucket":3,"minecraft:stone_axe":1,"minecraft:air":0,"minecraft:oak_boat":2,"minecraft:iron_chestplate":2,"minecraft:charcoal":3,"minecraft:diamond_pickaxe":3,"minecraft:shield":3,"minecraft:stick":52,"minecraft:iron_ingot":119,"minecraft:iron_pickaxe":2,"minecraft:iron_leggings":1,"minecraft:torch":108,"minecraft:diamond_chestplate":2},"minecraft:mined":{"minecraft:dark_oak_planks":3,"minecraft:tuff":55,"minecraft:deepslate_diamond_ore":83,"minecraft:dark_oak_log":14,"minecraft:brewing_stand":1,"minecraft:granite":16,"minecraft:grass_block":269,"minecraft:spruce_leaves":3,"minecraft:redstone_ore":2,"minecraft:furnace":10,"minecraft:dark_oak_trapdoor":1,"minecraft:iron_ore":62,"minecraft:andesite":6,"minecraft:deepslate_lapis_ore":4,"minecraft:cave_vines":2,"minecraft:deepslate_iron_ore":66,"minecraft:white_banner":4,"minecraft:stone":254,"minecraft:deepslate_redstone_ore":1,"minecraft:brown_mushroom":2,"minecraft:red_bed":2,"minecraft:smoker":1,"minecraft:powder_snow":1,"minecraft:crafting_table":10,"minecraft:torch":5,"minecraft:chest":2,"minecraft:nether_quartz_ore":30,"minecraft:tall_grass":1,"minecraft:cobblestone":9,"minecraft:copper_ore":3,"minecraft:deepslate_gold_ore":1,"minecraft:oak_planks":1,"minecraft:sugar_cane":23,"minecraft:diorite":46,"minecraft:wall_torch":8,"minecraft:pink_petals":13,"minecraft:sweet_berry_bush":5,"minecraft:ice":4,"minecraft:spruce_log":32,"minecraft:grass":14,"minecraft:coal_ore":70,"minecraft:oak_log":11,"minecraft:gravel":14,"minecraft:dirt":15,"minecraft:netherrack":4,"minecraft:gold_ore":18,"minecraft:oak_leaves":1,"minecraft:deepslate":563},"minecraft:custom":{"minecraft:mob_kills":111,"minecraft:interact_with_crafting_table":67,"minecraft:leave_game":4,"minecraft:time_since_death":79638,"minecraft:climb_one_cm":8227,"minecraft:sprint_one_cm":368132,"minecraft:walk_one_cm":615129,"minecraft:damage_blocked_by_shield":1170,"minecraft:drop":27,"minecraft:play_time":172762,"minecraft:sneak_time":2709,"minecraft:deaths":3,"minecraft:walk_under_water_one_cm":39594,"minecraft:boat_one_cm":116772,"minecraft:jump":4082,"minecraft:walk_on_water_one_cm":35335,"minecraft:total_world_time":172762,"minecraft:interact_with_furnace":84,"minecraft:sleep_in_bed":2,"minecraft:time_since_rest":22042,"minecraft:damage_taken":2658,"minecraft:damage_dealt":10633,"minecraft:swim_one_cm":56755,"minecraft:player_kills":1,"minecraft:fly_one_cm":777672,"minecraft:open_chest":36,"minecraft:crouch_one_cm":7343,"minecraft:fall_one_cm":119367},"minecraft:dropped":{"minecraft:lava_bucket":1,"minecraft:diorite":43,"minecraft:torch":2,"minecraft:spruce_sapling":1,"minecraft:gravel":10,"minecraft:sugar_cane":4,"minecraft:cobbled_deepslate":65,"minecraft:cooked_mutton":5,"minecraft:carrot":2,"minecraft:filled_map":1,"minecraft:iron_chestplate":1,"minecraft:andesite":6,"minecraft:wooden_pickaxe":2,"minecraft:stone_pickaxe":3},"minecraft:killed_by":{"minecraft:spider":1},"minecraft:picked_up":{"minecraft:iron_chestplate":1,"minecraft:crafting_table":11,"minecraft:chicken":7,"minecraft:brown_mushroom":2,"minecraft:diamond_sword":1,"minecraft:wooden_pickaxe":1,"minecraft:brewing_stand":1,"minecraft:shield":1,"minecraft:dark_oak_trapdoor":1,"minecraft:red_bed":2,"minecraft:string":14,"minecraft:raw_copper":12,"minecraft:cooked_salmon":3,"minecraft:flint_and_steel":1,"minecraft:iron_leggings":2,"minecraft:cobbled_deepslate":627,"minecraft:spruce_planks":12,"minecraft:beef":21,"minecraft:poppy":3,"minecraft:iron_pickaxe":3,"minecraft:sugar_cane":99,"minecraft:chest":2,"minecraft:iron_boots":2,"minecraft:furnace":10,"minecraft:egg":3,"minecraft:raw_iron":129,"minecraft:stick":6,"minecraft:torch":21,"minecraft:porkchop":11,"minecraft:diorite":58,"minecraft:carrot":3,"minecraft:redstone":30,"minecraft:dark_oak_planks":3,"minecraft:rotten_flesh":17,"minecraft:arrow":11,"minecraft:diamond_chestplate":1,"minecraft:mutton":45,"minecraft:glow_berries":3,"minecraft:cod":3,"minecraft:white_wool":27,"minecraft:cobblestone":257,"minecraft:birch_log":3,"minecraft:pink_petals":66,"minecraft:feather":8,"minecraft:cooked_beef":2,"minecraft:andesite":6,"minecraft:water_bucket":2,"minecraft:salmon":17,"minecraft:leather":7,"minecraft:smoker":1,"minecraft:filled_map":1,"minecraft:flint":2,"minecraft:tuff":55,"minecraft:oak_log":11,"minecraft:lapis_lazuli":80,"minecraft:dirt":300,"minecraft:white_banner":8,"minecraft:cooked_mutton":2,"minecraft:bone":33,"minecraft:bow":2,"minecraft:wheat_seeds":3,"minecraft:raw_gold":56,"minecraft:iron_ingot":36,"minecraft:stone_pickaxe":4,"minecraft:oak_planks":3,"minecraft:cooked_porkchop":3,"minecraft:sweet_berries":13,"minecraft:quartz":30,"minecraft:gravel":12,"minecraft:lava_bucket":2,"minecraft:spruce_sapling":6,"minecraft:spruce_log":34,"minecraft:dark_oak_log":14,"minecraft:diamond":83,"minecraft:stone_axe":1,"minecraft:spruce_boat":2,"minecraft:iron_helmet":2,"minecraft:bone_meal":1,"minecraft:gray_wool":3,"minecraft:netherrack":4,"minecraft:black_wool":1,"minecraft:coal":190,"minecraft:diamond_pickaxe":1}},"DataVersion":3465}