{"stats":{"minecraft:used":{"minecraft:oak_trapdoor":6,"minecraft:stone_sword":31,"minecraft:spruce_planks":3,"minecraft:shield":6,"minecraft:netherrack":1,"minecraft:torch":14,"minecraft:dirt":37,"minecraft:snowball":96,"minecraft:spruce_boat":4,"minecraft:iron_axe":46,"minecraft:sweet_berries":92,"minecraft:furnace":2,"minecraft:cooked_beef":4,"minecraft:mossy_stone_bricks":4,"minecraft:water_bucket":12,"minecraft:leather_leggings":1,"minecraft:stone_pickaxe":153,"minecraft:baked_potato":1,"minecraft:cracked_stone_bricks":1,"minecraft:sand":9,"minecraft:crafting_table":12,"minecraft:red_bed":1,"minecraft:white_bed":6,"minecraft:campfire":2,"minecraft:spruce_sapling":1,"minecraft:gravel":7,"minecraft:golden_helmet":1,"minecraft:stone_axe":65,"minecraft:diamond_sword":11,"minecraft:cobblestone":1,"minecraft:bucket":13,"minecraft:oak_boat":7},"minecraft:broken":{"minecraft:stone_pickaxe":1},"minecraft:killed":{"minecraft:skeleton":5,"minecraft:chicken":4,"minecraft:drowned":1,"minecraft:sheep":6,"minecraft:zombie":2,"minecraft:cow":2},"minecraft:crafted":{"minecraft:oak_planks":28,"minecraft:furnace":1,"minecraft:oak_trapdoor":2,"minecraft:iron_axe":1,"minecraft:stone_pickaxe":2,"minecraft:spruce_boat":1,"minecraft:diamond_sword":1,"minecraft:crafting_table":2,"minecraft:spruce_planks":32,"minecraft:bucket":1,"minecraft:campfire":2,"minecraft:stone_axe":1,"minecraft:oak_boat":1,"minecraft:shield":1,"minecraft:stick":44,"minecraft:iron_ingot":1,"minecraft:stone_sword":1,"minecraft:white_bed":1,"minecraft:torch":16},"minecraft:mined":{"minecraft:dark_oak_planks":2,"minecraft:spruce_planks":3,"minecraft:white_bed":5,"minecraft:grass_block":28,"minecraft:birch_slab":1,"minecraft:spruce_leaves":35,"minecraft:kelp":1,"minecraft:large_fern":12,"minecraft:oak_trapdoor":4,"minecraft:furnace":1,"minecraft:stone":127,"minecraft:red_bed":1,"minecraft:kelp_plant":1,"minecraft:crafting_table":11,"minecraft:torch":2,"minecraft:chest":7,"minecraft:campfire":1,"minecraft:cobblestone":1,"minecraft:wall_torch":12,"minecraft:seagrass":1,"minecraft:sweet_berry_bush":63,"minecraft:spruce_log":10,"minecraft:birch_leaves":17,"minecraft:mangrove_leaves":18,"minecraft:grass":3,"minecraft:oak_log":16,"minecraft:coal_ore":14,"minecraft:gravel":9,"minecraft:sand":12,"minecraft:dirt":13,"minecraft:cracked_stone_bricks":2,"minecraft:netherrack":1,"minecraft:mossy_stone_bricks":5,"minecraft:oak_leaves":6,"minecraft:fern":6},"minecraft:custom":{"minecraft:mob_kills":21,"minecraft:interact_with_crafting_table":19,"minecraft:interact_with_campfire":18,"minecraft:leave_game":3,"minecraft:time_since_death":62440,"minecraft:climb_one_cm":15543,"minecraft:sprint_one_cm":270263,"minecraft:walk_one_cm":573813,"minecraft:damage_blocked_by_shield":175,"minecraft:drop":38,"minecraft:talked_to_villager":2,"minecraft:play_time":163568,"minecraft:deaths":2,"minecraft:sneak_time":2466,"minecraft:walk_under_water_one_cm":47043,"minecraft:boat_one_cm":424696,"minecraft:jump":2249,"minecraft:walk_on_water_one_cm":34929,"minecraft:total_world_time":163568,"minecraft:sleep_in_bed":6,"minecraft:time_since_rest":11652,"minecraft:damage_taken":1678,"minecraft:damage_dealt":2464,"minecraft:swim_one_cm":126954,"minecraft:fly_one_cm":229355,"minecraft:open_chest":15,"minecraft:crouch_one_cm":5870,"minecraft:fall_one_cm":50139},"minecraft:killed_by":{"minecraft:skeleton":1},"minecraft:dropped":{"minecraft:wheat_seeds":3,"minecraft:crafting_table":1,"minecraft:prismarine_crystals":2,"minecraft:leather":2,"minecraft:birch_slab":1,"minecraft:flint":1,"minecraft:dirt":4,"minecraft:fire_charge":2,"minecraft:gold_nugget":2,"minecraft:sand":2,"minecraft:dark_oak_planks":2,"minecraft:spruce_sapling":4,"minecraft:bone":7,"minecraft:gravel":1,"minecraft:stone_axe":3,"minecraft:kelp":1,"minecraft:golden_chestplate":1,"minecraft:stone_sword":3,"minecraft:filled_map":2,"minecraft:leather_chestplate":1},"minecraft:picked_up":{"minecraft:fishing_rod":1,"minecraft:charcoal":4,"minecraft:crafting_table":12,"minecraft:wheat":8,"minecraft:chicken":4,"minecraft:diamond_sword":1,"minecraft:shield":1,"minecraft:oak_trapdoor":6,"minecraft:red_bed":1,"minecraft:iron_axe":1,"minecraft:cooked_salmon":2,"minecraft:cracked_stone_bricks":3,"minecraft:gold_nugget":2,"minecraft:spruce_planks":20,"minecraft:beef":5,"minecraft:oak_boat":6,"minecraft:furnace":2,"minecraft:golden_helmet":1,"minecraft:stick":2,"minecraft:torch":28,"minecraft:fire_charge":2,"minecraft:prismarine_crystals":2,"minecraft:golden_chestplate":1,"minecraft:dark_oak_planks":2,"minecraft:stone_sword":2,"minecraft:arrow":8,"minecraft:cooked_cod":4,"minecraft:gold_ingot":8,"minecraft:mutton":9,"minecraft:snowball":96,"minecraft:white_wool":9,"minecraft:cobblestone":221,"minecraft:feather":2,"minecraft:leather_chestplate":1,"minecraft:cooked_beef":6,"minecraft:birch_slab":1,"minecraft:water_bucket":1,"minecraft:leather":6,"minecraft:flint":1,"minecraft:oak_log":16,"minecraft:dirt":41,"minecraft:cooked_mutton":18,"minecraft:coast_armor_trim_smithing_template":2,"minecraft:bone":10,"minecraft:kelp":1,"minecraft:wheat_seeds":3,"minecraft:heart_of_the_sea":1,"minecraft:iron_ingot":1,"minecraft:stone_pickaxe":1,"minecraft:cooked_chicken":8,"minecraft:mossy_stone_bricks":6,"minecraft:sweet_berries":244,"minecraft:gravel":8,"minecraft:sand":11,"minecraft:spruce_sapling":5,"minecraft:white_bed":6,"minecraft:spruce_log":8,"minecraft:stone_axe":2,"minecraft:spruce_boat":5,"minecraft:baked_potato":1,"minecraft:netherrack":1,"minecraft:coal":28}},"DataVersion":3465}