{"stats":{"minecraft:used":{"minecraft:diamond_hoe":1,"minecraft:chest":2,"minecraft:shield":22,"minecraft:iron_sword":42,"minecraft:stone_hoe":64,"minecraft:rotten_flesh":4,"minecraft:iron_chestplate":1,"minecraft:torch":155,"minecraft:dirt":42,"minecraft:carrot":5,"minecraft:spruce_fence":21,"minecraft:snowball":15,"minecraft:lava_bucket":1,"minecraft:iron_boots":1,"minecraft:stone_bricks":2,"minecraft:bow":13,"minecraft:furnace":3,"minecraft:egg":4,"minecraft:cooked_beef":1,"minecraft:wheat_seeds":51,"minecraft:water_bucket":28,"minecraft:diorite":26,"minecraft:stone_pickaxe":688,"minecraft:diamond_axe":38,"minecraft:spruce_fence_gate":3,"minecraft:crafting_table":4,"minecraft:crossbow":20,"minecraft:white_bed":1,"minecraft:diamond_pickaxe":5,"minecraft:bread":4,"minecraft:iron_pickaxe":234,"minecraft:gravel":9,"minecraft:stone_axe":3,"minecraft:cobblestone":169,"minecraft:bucket":30,"minecraft:andesite":5,"minecraft:bone_meal":39},"minecraft:broken":{"minecraft:stone_pickaxe":3},"minecraft:killed":{"minecraft:spider":8,"minecraft:skeleton":1,"minecraft:zombie_villager":2,"minecraft:zombie":11},"minecraft:crafted":{"minecraft:tripwire_hook":6,"minecraft:furnace":2,"minecraft:bone_meal":39,"minecraft:spruce_fence":36,"minecraft:iron_boots":1,"minecraft:stone_pickaxe":4,"minecraft:chest":2,"minecraft:cooked_beef":1,"minecraft:emerald":11,"minecraft:crafting_table":1,"minecraft:spruce_planks":28,"minecraft:iron_helmet":1,"minecraft:iron_sword":1,"minecraft:bucket":3,"minecraft:stone_axe":1,"minecraft:bread":5,"minecraft:air":0,"minecraft:iron_chestplate":1,"minecraft:stick":76,"minecraft:iron_ingot":59,"minecraft:iron_pickaxe":1,"minecraft:iron_leggings":1,"minecraft:spruce_fence_gate":3,"minecraft:torch":144},"minecraft:mined":{"minecraft:diamond_ore":1,"minecraft:red_carpet":1,"minecraft:deepslate_diamond_ore":1,"minecraft:glow_lichen":1,"minecraft:granite":62,"minecraft:grass_block":16,"minecraft:spruce_fence":4,"minecraft:kelp":5,"minecraft:spawner":4,"minecraft:large_fern":1,"minecraft:furnace":2,"minecraft:carrots":2,"minecraft:iron_ore":36,"minecraft:andesite":134,"minecraft:pumpkin":13,"minecraft:deepslate_lapis_ore":11,"minecraft:deepslate_iron_ore":21,"minecraft:iron_bars":1,"minecraft:stone":410,"minecraft:brown_mushroom":4,"minecraft:kelp_plant":7,"minecraft:crafting_table":3,"minecraft:torch":5,"minecraft:cobblestone":47,"minecraft:copper_ore":25,"minecraft:deepslate_coal_ore":6,"minecraft:lapis_ore":32,"minecraft:deepslate_gold_ore":13,"minecraft:diorite":24,"minecraft:wall_torch":2,"minecraft:ice":1,"minecraft:wheat":26,"minecraft:spruce_log":7,"minecraft:grass":63,"minecraft:coal_ore":25,"minecraft:gravel":101,"minecraft:dirt":68,"minecraft:cobweb":20,"minecraft:stone_bricks":9,"minecraft:gold_ore":5,"minecraft:deepslate":10,"minecraft:fern":1},"minecraft:custom":{"minecraft:mob_kills":25,"minecraft:animals_bred":2,"minecraft:interact_with_crafting_table":26,"minecraft:leave_game":1,"minecraft:time_since_death":7803,"minecraft:climb_one_cm":56099,"minecraft:sprint_one_cm":211481,"minecraft:walk_one_cm":1047455,"minecraft:damage_blocked_by_shield":700,"minecraft:drop":53,"minecraft:talked_to_villager":35,"minecraft:play_time":200231,"minecraft:deaths":7,"minecraft:sneak_time":885,"minecraft:walk_under_water_one_cm":2399,"minecraft:jump":2360,"minecraft:interact_with_brewingstand":1,"minecraft:walk_on_water_one_cm":18238,"minecraft:total_world_time":200231,"minecraft:interact_with_furnace":20,"minecraft:traded_with_villager":13,"minecraft:sleep_in_bed":1,"minecraft:time_since_rest":7833,"minecraft:damage_taken":1974,"minecraft:damage_dealt":2508,"minecraft:swim_one_cm":4119,"minecraft:fly_one_cm":242333,"minecraft:open_chest":131,"minecraft:crouch_one_cm":2490,"minecraft:fall_one_cm":48079},"minecraft:killed_by":{"minecraft:player":1,"minecraft:creeper":1,"minecraft:skeleton":1,"minecraft:zombie":3},"minecraft:dropped":{"minecraft:bread":2,"minecraft:quartz_pillar":2,"minecraft:emerald":35,"minecraft:lodestone":3,"minecraft:smooth_quartz":1,"minecraft:smooth_quartz_slab":1,"minecraft:tripwire_hook":6,"minecraft:bucket":2,"minecraft:bone":1,"minecraft:stone_axe":1,"minecraft:rotten_flesh":5,"minecraft:spruce_planks":11},"minecraft:picked_up":{"minecraft:iron_chestplate":1,"minecraft:crafting_table":5,"minecraft:wheat":19,"minecraft:brown_mushroom":4,"minecraft:shield":4,"minecraft:string":93,"minecraft:raw_copper":88,"minecraft:iron_leggings":1,"minecraft:cobbled_deepslate":19,"minecraft:bucket":1,"minecraft:spruce_planks":196,"minecraft:beef":1,"minecraft:smooth_quartz":2,"minecraft:iron_pickaxe":1,"minecraft:sugar_cane":2,"minecraft:iron_boots":1,"minecraft:furnace":3,"minecraft:diamond_hoe":1,"minecraft:egg":5,"minecraft:stick":3,"minecraft:raw_iron":77,"minecraft:torch":72,"minecraft:spruce_fence":4,"minecraft:quartz_pillar":11,"minecraft:diorite":49,"minecraft:carrot":5,"minecraft:prismarine_crystals":5,"minecraft:arrow":190,"minecraft:rotten_flesh":24,"minecraft:snowball":29,"minecraft:cobblestone":678,"minecraft:water_bucket":1,"minecraft:glow_ink_sac":3,"minecraft:andesite":184,"minecraft:flint":22,"minecraft:dirt":113,"minecraft:lapis_lazuli":318,"minecraft:red_carpet":1,"minecraft:bone":9,"minecraft:stone_bricks":9,"minecraft:kelp":64,"minecraft:bow":2,"minecraft:wheat_seeds":81,"minecraft:raw_gold":29,"minecraft:iron_ingot":13,"minecraft:stone_pickaxe":3,"minecraft:stone_hoe":2,"minecraft:iron_sword":2,"minecraft:pumpkin":13,"minecraft:gravel":97,"minecraft:spruce_sapling":3,"minecraft:white_bed":1,"minecraft:spruce_log":7,"minecraft:spider_eye":8,"minecraft:diamond":4,"minecraft:stone_axe":2,"minecraft:iron_helmet":1,"minecraft:granite":165,"minecraft:crossbow":3,"minecraft:diamond_axe":2,"minecraft:bread":1,"minecraft:emerald":17,"minecraft:lodestone":3,"minecraft:coal":72,"minecraft:smooth_quartz_slab":2,"minecraft:diamond_pickaxe":2}},"DataVersion":3465}