{"stats":{"minecraft:used":{"minecraft:chest":1,"minecraft:spruce_planks":16,"minecraft:shield":35,"minecraft:iron_sword":141,"minecraft:rotten_flesh":17,"minecraft:cooked_salmon":12,"minecraft:cooked_chicken":2,"minecraft:torch":53,"minecraft:mutton":1,"minecraft:carrot":1,"minecraft:golden_shovel":24,"minecraft:tuff":5,"minecraft:spruce_boat":3,"minecraft:wooden_axe":11,"minecraft:lava_bucket":1,"minecraft:iron_axe":76,"minecraft:raw_copper_block":1,"minecraft:beef":1,"minecraft:furnace":14,"minecraft:cooked_beef":17,"minecraft:cobbled_deepslate":3,"minecraft:water_bucket":91,"minecraft:spruce_door":3,"minecraft:stone_pickaxe":30,"minecraft:oak_planks":18,"minecraft:ender_pearl":1,"minecraft:wooden_pickaxe":20,"minecraft:crafting_table":13,"minecraft:diamond_pickaxe":844,"minecraft:bread":1,"minecraft:string":3,"minecraft:iron_pickaxe":260,"minecraft:pink_petals":1,"minecraft:cobblestone":10,"minecraft:bucket":94,"minecraft:andesite":2,"minecraft:oak_boat":3,"minecraft:gray_wool":34},"minecraft:broken":{"minecraft:iron_pickaxe":1},"minecraft:killed":{"minecraft:spider":3,"minecraft:slime":1,"minecraft:skeleton":18,"minecraft:chicken":2,"minecraft:zombie_villager":1,"minecraft:salmon":4,"minecraft:sheep":1,"minecraft:zombie":11,"minecraft:enderman":1,"minecraft:cow":15},"minecraft:crafted":{"minecraft:cherry_planks":64,"minecraft:spruce_button":1,"minecraft:cooked_chicken":2,"minecraft:furnace":2,"minecraft:raw_copper_block":1,"minecraft:diamond_helmet":1,"minecraft:iron_boots":1,"minecraft:iron_axe":1,"minecraft:stone_pickaxe":1,"minecraft:chest":1,"minecraft:spruce_boat":2,"minecraft:cooked_beef":26,"minecraft:crafting_table":3,"minecraft:spruce_planks":88,"minecraft:wooden_pickaxe":1,"minecraft:iron_helmet":2,"minecraft:iron_sword":1,"minecraft:spruce_door":3,"minecraft:cooked_salmon":4,"minecraft:bucket":2,"minecraft:air":0,"minecraft:oak_boat":1,"minecraft:iron_chestplate":1,"minecraft:diamond_pickaxe":1,"minecraft:shield":1,"minecraft:stick":36,"minecraft:iron_ingot":36,"minecraft:iron_pickaxe":1,"minecraft:wooden_axe":1,"minecraft:iron_leggings":1,"minecraft:torch":84},"minecraft:mined":{"minecraft:tuff":67,"minecraft:deepslate_diamond_ore":18,"minecraft:grass_block":6,"minecraft:spruce_leaves":2,"minecraft:spawner":1,"minecraft:tall_seagrass":4,"minecraft:furnace":14,"minecraft:iron_ore":46,"minecraft:cobbled_deepslate":1,"minecraft:andesite":19,"minecraft:deepslate_lapis_ore":6,"minecraft:gold_block":1,"minecraft:deepslate_iron_ore":13,"minecraft:stone":130,"minecraft:tripwire":2,"minecraft:deepslate_redstone_ore":2,"minecraft:flowering_azalea":1,"minecraft:spruce_door":2,"minecraft:crafting_table":11,"minecraft:torch":1,"minecraft:tall_grass":1,"minecraft:copper_ore":7,"minecraft:cobblestone":2,"minecraft:deepslate_gold_ore":2,"minecraft:oak_planks":31,"minecraft:sculk":2,"minecraft:diorite":11,"minecraft:wall_torch":3,"minecraft:pink_petals":2,"minecraft:seagrass":5,"minecraft:gray_wool":44,"minecraft:redstone_torch":1,"minecraft:spruce_log":22,"minecraft:grass":2,"minecraft:coal_ore":47,"minecraft:dirt":13,"minecraft:gravel":7,"minecraft:sand":24,"minecraft:cobweb":14,"minecraft:smooth_basalt":4,"minecraft:gold_ore":9,"minecraft:deepslate":714},"minecraft:custom":{"minecraft:mob_kills":60,"minecraft:interact_with_crafting_table":32,"minecraft:leave_game":1,"minecraft:time_since_death":131437,"minecraft:climb_one_cm":366,"minecraft:sprint_one_cm":547940,"minecraft:walk_one_cm":222242,"minecraft:damage_blocked_by_shield":865,"minecraft:drop":38,"minecraft:play_time":145537,"minecraft:deaths":1,"minecraft:sneak_time":18144,"minecraft:walk_under_water_one_cm":38495,"minecraft:boat_one_cm":171148,"minecraft:jump":3760,"minecraft:walk_on_water_one_cm":52651,"minecraft:total_world_time":145537,"minecraft:interact_with_furnace":62,"minecraft:time_since_rest":131463,"minecraft:damage_taken":2063,"minecraft:damage_dealt":8399,"minecraft:swim_one_cm":66779,"minecraft:fly_one_cm":717648,"minecraft:open_chest":19,"minecraft:crouch_one_cm":57506,"minecraft:fall_one_cm":117584},"minecraft:dropped":{"minecraft:iron_sword":1,"minecraft:glow_ink_sac":1,"minecraft:feather":1,"minecraft:iron_helmet":2,"minecraft:cobblestone":33,"minecraft:spruce_button":1,"minecraft:stick":2,"minecraft:dirt":9,"minecraft:diorite":18,"minecraft:map":2,"minecraft:flowering_azalea":1,"minecraft:smooth_basalt":4,"minecraft:gravel":3,"minecraft:cobbled_deepslate":418,"minecraft:raw_copper":10,"minecraft:tuff":62,"minecraft:rotten_flesh":2,"minecraft:oak_planks":3,"minecraft:andesite":16,"minecraft:beetroot_seeds":4,"minecraft:redstone_torch":1,"minecraft:stone_pickaxe":1,"minecraft:wooden_pickaxe":1,"minecraft:egg":1},"minecraft:picked_up":{"minecraft:crafting_table":10,"minecraft:chicken":2,"minecraft:wooden_pickaxe":1,"minecraft:gold_block":1,"minecraft:shield":1,"minecraft:moss_carpet":1,"minecraft:string":18,"minecraft:raw_copper":29,"minecraft:iron_leggings":1,"minecraft:cobbled_deepslate":422,"minecraft:bucket":1,"minecraft:spruce_planks":16,"minecraft:beef":158,"minecraft:oak_boat":2,"minecraft:redstone_torch":2,"minecraft:iron_pickaxe":1,"minecraft:furnace":13,"minecraft:raw_copper_block":1,"minecraft:iron_boots":1,"minecraft:egg":1,"minecraft:raw_iron":65,"minecraft:torch":7,"minecraft:diorite":25,"minecraft:carrot":1,"minecraft:redstone":9,"minecraft:arrow":25,"minecraft:rotten_flesh":20,"minecraft:mutton":1,"minecraft:white_wool":1,"minecraft:cobblestone":132,"minecraft:pink_petals":4,"minecraft:feather":1,"minecraft:cooked_beef":1,"minecraft:glow_ink_sac":1,"minecraft:andesite":25,"minecraft:salmon":6,"minecraft:leather":20,"minecraft:flint":2,"minecraft:tuff":67,"minecraft:lapis_lazuli":76,"minecraft:dirt":9,"minecraft:bone":22,"minecraft:raw_gold":22,"minecraft:stone_pickaxe":1,"minecraft:iron_ingot":3,"minecraft:flowering_azalea":1,"minecraft:iron_sword":2,"minecraft:oak_planks":31,"minecraft:smooth_basalt":4,"minecraft:gravel":3,"minecraft:lava_bucket":1,"minecraft:sand":10,"minecraft:spruce_log":22,"minecraft:grass_block":1,"minecraft:spruce_door":2,"minecraft:diamond":18,"minecraft:spruce_boat":2,"minecraft:iron_helmet":1,"minecraft:gray_wool":44,"minecraft:spruce_button":1,"minecraft:coal":245,"minecraft:ender_pearl":1}},"DataVersion":3465}