{"stats":{"minecraft:used":{"minecraft:golden_boots":1,"minecraft:shield":25,"minecraft:iron_sword":9,"minecraft:netherrack":1,"minecraft:torch":2,"minecraft:dirt":21,"minecraft:mutton":4,"minecraft:nether_bricks":9,"minecraft:snowball":26,"minecraft:smoker":1,"minecraft:spruce_boat":4,"minecraft:cornflower":1,"minecraft:iron_axe":1,"minecraft:chicken":1,"minecraft:iron_pickaxe":26,"minecraft:iron_boots":1,"minecraft:pink_petals":15,"minecraft:porkchop":3,"minecraft:cooked_beef":5,"minecraft:iron_leggings":1},"minecraft:killed":{"minecraft:pig":1,"minecraft:sheep":3,"minecraft:zombie":3,"minecraft:chicken":1,"minecraft:blaze":1},"minecraft:crafted":{"minecraft:cooked_beef":1,"minecraft:spruce_planks":24,"minecraft:iron_sword":1,"minecraft:air":0,"minecraft:shield":1,"minecraft:iron_ingot":33,"minecraft:iron_pickaxe":1,"minecraft:gold_ingot":3},"minecraft:mined":{"minecraft:nether_gold_ore":11,"minecraft:crafting_table":1,"minecraft:cornflower":2,"minecraft:torch":2,"minecraft:nether_bricks":10,"minecraft:grass_block":5,"minecraft:spruce_leaves":8,"minecraft:pink_petals":3,"minecraft:fire":6,"minecraft:spruce_log":11,"minecraft:grass":10,"minecraft:dirt":10,"minecraft:netherrack":4,"minecraft:oak_leaves":2},"minecraft:custom":{"minecraft:interact_with_furnace":14,"minecraft:mob_kills":10,"minecraft:interact_with_crafting_table":4,"minecraft:leave_game":1,"minecraft:time_since_death":45387,"minecraft:sleep_in_bed":2,"minecraft:climb_one_cm":3670,"minecraft:time_since_rest":22836,"minecraft:sprint_one_cm":242911,"minecraft:damage_taken":1721,"minecraft:walk_one_cm":176223,"minecraft:damage_blocked_by_shield":850,"minecraft:drop":45,"minecraft:damage_dealt":1455,"minecraft:swim_one_cm":4112,"minecraft:player_kills":2,"minecraft:fly_one_cm":289408,"minecraft:open_chest":23,"minecraft:crouch_one_cm":9373,"minecraft:play_time":68539,"minecraft:deaths":5,"minecraft:sneak_time":5758,"minecraft:walk_under_water_one_cm":3628,"minecraft:boat_one_cm":82828,"minecraft:jump":1673,"minecraft:walk_on_water_one_cm":7715,"minecraft:total_world_time":68539,"minecraft:interact_with_smoker":1,"minecraft:fall_one_cm":49039},"minecraft:killed_by":{"minecraft:player":2,"minecraft:zombie":1},"minecraft:dropped":{"minecraft:golden_boots":1,"minecraft:cooked_chicken":2,"minecraft:cooked_beef":1,"minecraft:blaze_rod":8,"minecraft:crafting_table":1,"minecraft:diamond_leggings":1,"minecraft:iron_helmet":2,"minecraft:rotten_flesh":7,"minecraft:iron_boots":2,"minecraft:nether_bricks":11,"minecraft:shears":1,"minecraft:red_mushroom":1,"minecraft:dirt":1,"minecraft:shield":1,"minecraft:diamond_chestplate":2,"minecraft:golden_sword":1,"minecraft:gold_nugget":4,"minecraft:iron_axe":1,"minecraft:stone_pickaxe":1,"minecraft:iron_pickaxe":1},"minecraft:picked_up":{"minecraft:pink_petals":18,"minecraft:crafting_table":1,"minecraft:iron_chestplate":1,"minecraft:feather":1,"minecraft:cooked_beef":5,"minecraft:chicken":1,"minecraft:red_mushroom":2,"minecraft:shield":2,"minecraft:golden_boots":3,"minecraft:golden_sword":2,"minecraft:cornflower":2,"minecraft:dirt":29,"minecraft:iron_axe":2,"minecraft:iron_leggings":1,"minecraft:bone":4,"minecraft:diamond_leggings":2,"minecraft:gold_nugget":51,"minecraft:stone_pickaxe":2,"minecraft:cooked_chicken":2,"minecraft:iron_pickaxe":1,"minecraft:iron_boots":4,"minecraft:stick":3,"minecraft:torch":2,"minecraft:porkchop":3,"minecraft:spruce_log":11,"minecraft:arrow":4,"minecraft:diamond_chestplate":3,"minecraft:rotten_flesh":7,"minecraft:spruce_boat":4,"minecraft:nether_bricks":22,"minecraft:shears":2,"minecraft:iron_helmet":4,"minecraft:blaze_rod":18,"minecraft:netherrack":1,"minecraft:mutton":4,"minecraft:snowball":49,"minecraft:white_wool":2}},"DataVersion":3465}