{"stats":{"minecraft:custom":{"minecraft:time_since_rest":224,"minecraft:crouch_one_cm":1499,"minecraft:sprint_one_cm":2373,"minecraft:play_time":31698,"minecraft:deaths":4,"minecraft:walk_one_cm":48452,"minecraft:sneak_time":520,"minecraft:drop":1,"minecraft:jump":66,"minecraft:damage_dealt":65,"minecraft:leave_game":2,"minecraft:time_since_death":192,"minecraft:walk_on_water_one_cm":618,"minecraft:total_world_time":31698,"minecraft:fall_one_cm":894,"minecraft:fly_one_cm":22164},"minecraft:dropped":{"minecraft:quartz_pillar":1},"minecraft:picked_up":{"minecraft:quartz_pillar":1,"minecraft:snowball":1},"minecraft:used":{"minecraft:stone_bricks":16,"minecraft:smooth_quartz_stairs":96,"minecraft:water_bucket":14,"minecraft:sea_lantern":14,"minecraft:dirt":9,"minecraft:quartz_pillar":56,"minecraft:lodestone":2,"minecraft:quartz_slab":20,"minecraft:smooth_quartz_slab":36,"minecraft:white_stained_glass_pane":27,"minecraft:white_stained_glass":20,"minecraft:bucket":2,"minecraft:quartz_block":4,"minecraft:polished_diorite_slab":21,"minecraft:chiseled_quartz_block":16,"minecraft:smooth_quartz":25,"minecraft:diorite_wall":55,"minecraft:polished_diorite":44}},"DataVersion":3465}